"Sample","Time","Line","Titre","Replicate","TCID","IU_mL","MNE","SE_MNE","SE_Percent","Fly_Line","Initial_V","IU_fly","log_IU_fly","log_MNE","Wolbacia_batch","Wolbachia_sample_order","Repeat","Progress_manual","Check_Angelique","...21","...22","...23","Sample_file","WOL_MNE","WOL_SE_MNE","WOL_SE_Percent","Take_off_rpl","Amplification_rpl","Second_Der_Max_rpl","Rep_Take_off_rpl","Std_dev_rpl","Tech_Rep_rpl","Take_off_WOL","Amplification_WOL","Second_Der_Max_WOL","Rep_Take_off_WOL","Std_dev_WOL","Tech_Rep_WOL","Filter_Reason","Quality_Control"
4,0,"Wol",50,1,"NA","NA",NA,"NA","NA","Wol",50,NA,NA,NA,0,"Pilot","NON-DETECT","Incomplete",NA,NA,NA,NA,"4_data/raw/230811_MA_Wolbachia_Density_Pilot_b7p40.csv",1.0510096592,"0.08398","7.99",22.2,1.69,26.6,22.3,0.1,1,17.6,1.72,21.1,17.5,0.1,1,NA,"PASS"
4,0,"Wol",50,1,"NA","NA",NA,"NA","NA","Wol",50,NA,NA,NA,0,"Pilot","NON-DETECT","Incomplete",NA,NA,NA,NA,"4_data/raw/230811_MA_Wolbachia_Density_Pilot_b7p40.csv",1.0510096592,"0.08398","7.99",22.4,1.67,27.1,22.3,0.1,2,17.4,1.7,21.6,17.5,0.1,2,NA,"PASS"
5,0,"Wol",50,2,"NA","NA",NA,"NA","NA","Wol",50,NA,NA,NA,0,"Pilot","NON-DETECT","Incomplete",NA,NA,NA,NA,"5_data/raw/230811_MA_Wolbachia_Density_Pilot_b7p40.csv",1.337967648,"0.16793","12.55",21.9,1.64,26.4,21.9,0,1,16.6,1.62,21.1,16.8,0.3,1,NA,"PASS"
5,0,"Wol",50,2,"NA","NA",NA,"NA","NA","Wol",50,NA,NA,NA,0,"Pilot","NON-DETECT","Incomplete",NA,NA,NA,NA,"5_data/raw/230811_MA_Wolbachia_Density_Pilot_b7p40.csv",1.337967648,"0.16793","12.55",21.9,1.73,26.6,21.9,0,2,17,1.71,20.6,16.8,0.3,2,NA,"PASS"
6,0,"Wol",50,3,"NA","NA",NA,"NA","NA","Wol",50,NA,NA,NA,0,"Pilot","NON-DETECT","Incomplete",NA,NA,NA,NA,"6_data/raw/230811_MA_Wolbachia_Density_Pilot_b7p40.csv",0.6664527445,"0.02663","4",22,1.78,26.3,22,0.1,1,17.9,1.89,21.3,18,0.1,1,NA,"PASS"
6,0,"Wol",50,3,"NA","NA",NA,"NA","NA","Wol",50,NA,NA,NA,0,"Pilot","NON-DETECT","Incomplete",NA,NA,NA,NA,"6_data/raw/230811_MA_Wolbachia_Density_Pilot_b7p40.csv",0.6664527445,"0.02663","4",21.9,1.69,26.3,22,0.1,2,18,1.71,22.1,18,0.1,2,NA,"PASS"
10,6,"Wol",50,1,"NA","NA",NA,"NA","NA","Wol",50,NA,NA,NA,0,"Pilot","NON-DETECT","Incomplete",NA,NA,NA,NA,"10_data/raw/230811_MA_Wolbachia_Density_Pilot_b7p40.csv",0.9394389119,"0.12674","13.49",22.3,1.68,26.9,22.2,0.1,1,17.4,1.65,21.3,17.6,0.3,1,NA,"PASS"
10,6,"Wol",50,1,"NA","NA",NA,"NA","NA","Wol",50,NA,NA,NA,0,"Pilot","NON-DETECT","Incomplete",NA,NA,NA,NA,"10_data/raw/230811_MA_Wolbachia_Density_Pilot_b7p40.csv",0.9394389119,"0.12674","13.49",22.1,1.82,26.6,22.2,0.1,2,17.8,1.76,21.8,17.6,0.3,2,NA,"PASS"
118,216,"Wol",50,1,"6.6","54940000",78.39453654,"8.9995899999999995","11.48","Wol",50,3113327.833,6.49322485424067,1.89428579695473,1,"1",NA,"Incomplete",NA,"In progress, Completed, Incomplete, Unavailable",NA,NA,NA,NA,NA,NA,NA,NA,NA,NA,NA,NA,NA,NA,NA,NA,NA,NA,NA,NA
66,106,"Wol",50,3,"5.625","5819000",0.062232998,"2.3800000000000002E-3","3.82","Wol",50,329749.8118,5.51818455635109,-1.20597927689606,1,"2",NA,"Incomplete",NA,NA,NA,NA,"66_data/raw/2309018_MA_Wolbachia_Density_Batch_repeat_1_b1p31T.csv",5.9738131335,"0.34995","5.86",24,1.7,28.6,24.1,0.1,1,16.1,1.81,19.8,16.2,0.1,1,NA,"PASS"
66,106,"Wol",50,3,"5.625","5819000",0.062232998,"2.3800000000000002E-3","3.82","Wol",50,329749.8118,5.51818455635109,-1.20597927689606,1,"2",NA,"Incomplete",NA,NA,NA,NA,"66_data/raw/2309018_MA_Wolbachia_Density_Batch_repeat_1_b1p31T.csv",5.9738131335,"0.34995","5.86",24.2,1.74,28.6,24.1,0.1,2,16.2,1.8,20.1,16.2,0.1,2,NA,"PASS"
36,48,"Wol",50,3,"3.875","103500",0.08170828,"1.034E-2","12.65","Wol",50,5865.11523,3.76827654897696,-1.08773393152017,1,"3",NA,"Incomplete",NA,NA,NA,NA,"36_data/raw/230821_MA_Wolbachia_Density_Batch1_b1p8T.csv",1.2733893917,"0.23973","18.83",21.8,1.76,26.1,21.8,0,1,17.1,1.58,22.3,16.8,0.4,1,NA,"PASS"
36,48,"Wol",50,3,"3.875","103500",0.08170828,"1.034E-2","12.65","Wol",50,5865.11523,3.76827654897696,-1.08773393152017,1,"3",NA,"Incomplete",NA,NA,NA,NA,"36_data/raw/230821_MA_Wolbachia_Density_Batch1_b1p8T.csv",1.2733893917,"0.23973","18.83",21.8,1.64,26.6,21.8,0,2,16.5,1.77,20.8,16.8,0.4,2,NA,"PASS"
16,10,"Wol",50,1,"NA","NA",NA,"NA","NA","Wol",50,NA,NA,NA,1,"4","NON-DETECT","Incomplete",NA,NA,NA,NA,"16_data/raw/230821_MA_Wolbachia_Density_Batch1_b1p8T.csv",2.1524697085,"0.10648","4.95",22,1.69,26.4,22.1,0.1,1,16.2,1.81,20.6,16.2,0,1,NA,"PASS"
16,10,"Wol",50,1,"NA","NA",NA,"NA","NA","Wol",50,NA,NA,NA,1,"4","NON-DETECT","Incomplete",NA,NA,NA,NA,"16_data/raw/230821_MA_Wolbachia_Density_Batch1_b1p8T.csv",2.1524697085,"0.10648","4.95",22.2,1.63,26.9,22.1,0.1,2,16.2,1.85,20.1,16.2,0,2,NA,"PASS"
132,240,"Wol",50,3,"7.4","346600000",10.16208567,"0.50270999999999999","4.95","Wol",50,19641052.55,7.29316475760615,1.00698285184681,1,"5",NA,"Incomplete",NA,NA,NA,NA,"132_data/raw/230821_MA_Wolbachia_Density_Batch1_b1p8T.csv",0.1497032437,"0.01457","9.73",27.1,1.63,31.4,27.1,0.1,1,24.5,1.84,28.1,24.4,0.2,1,NA,"PASS"
132,240,"Wol",50,3,"7.4","346600000",10.16208567,"0.50270999999999999","4.95","Wol",50,19641052.55,7.29316475760615,1.00698285184681,1,"5",NA,"Incomplete",NA,NA,NA,NA,"132_data/raw/230821_MA_Wolbachia_Density_Batch1_b1p8T.csv",0.1497032437,"0.01457","9.73",27,1.65,31.6,27.1,0.1,2,24.2,1.73,28.1,24.4,0.2,2,NA,"PASS"
84,144,"Wol",50,3,"2.6","5494",0.013641585,"1.0399999999999999E-3","7.64","Wol",50,311.3327833,2.49322485424067,-1.86513516657378,1,"6",NA,"Incomplete",NA,NA,NA,NA,NA,NA,NA,NA,NA,NA,NA,NA,NA,NA,NA,NA,NA,NA,NA,NA,NA,NA
150,312,"Wol",50,3,"6.6","54940000",5.469412413,"0.74763000000000002","13.67","Wol",50,3113327.833,6.49322485424067,0.737940671946093,1,"7",NA,"Incomplete",NA,NA,NA,NA,NA,NA,NA,NA,NA,NA,NA,NA,NA,NA,NA,NA,NA,NA,NA,NA,NA,NA
40,58,"Wol",50,1,"NA","NA",0.015957192,"1.8600000000000001E-3","11.64","Wol",50,NA,NA,-1.79704352941367,1,"8","TCID NON-DETECT","Incomplete",NA,NA,NA,NA,"40_data/raw/230821_MA_Wolbachia_Density_Batch1_b1p8T.csv",3.2678552388,"0.57431","17.57",22.2,1.66,26.9,22.5,0.4,1,15.7,1.96,19.9,15.9,0.2,1,NA,"PASS"
40,58,"Wol",50,1,"NA","NA",0.015957192,"1.8600000000000001E-3","11.64","Wol",50,NA,NA,-1.79704352941367,1,"8","TCID NON-DETECT","Incomplete",NA,NA,NA,NA,"40_data/raw/230821_MA_Wolbachia_Density_Batch1_b1p8T.csv",3.2678552388,"0.57431","17.57",22.8,1.61,27.3,22.5,0.4,2,16,1.97,19.4,15.9,0.2,2,NA,"PASS"
120,216,"Wol",50,3,"6.75","77600000",14.90734277,"0.94301000000000001","6.33","Wol",50,4397419.728,6.64319792044221,1.17340023747231,1,"9",NA,"Incomplete",NA,NA,NA,NA,"120_data/raw/230821_MA_Wolbachia_Density_Batch1_b1p8T.csv",1.2582633609,"0.16096","12.79",26.9,1.63,31.6,26.9,0.1,1,21,1.71,24.6,20.8,0.3,1,NA,"PASS"
120,216,"Wol",50,3,"6.75","77600000",14.90734277,"0.94301000000000001","6.33","Wol",50,4397419.728,6.64319792044221,1.17340023747231,1,"9",NA,"Incomplete",NA,NA,NA,NA,"120_data/raw/230821_MA_Wolbachia_Density_Batch1_b1p8T.csv",1.2582633609,"0.16096","12.79",26.8,1.78,31.4,26.9,0.1,2,20.6,1.82,24.3,20.8,0.3,2,NA,"PASS"
149,312,"Wol",50,2,"2.75","7760",0.000429809,"2.0000000000000002E-5","4.95","Wol",50,439.7419728,2.64319792044221,-3.36672449482546,1,"10",NA,"Incomplete",NA,NA,NA,NA,"149_data/raw/230821_MA_Wolbachia_Density_Batch1_b1p8T.csv",3.15172138,"0.51846","16.45",22.4,1.73,27.3,22.3,0.1,1,15.5,1.68,19.6,15.8,0.4,1,NA,"PASS"
149,312,"Wol",50,2,"2.75","7760",0.000429809,"2.0000000000000002E-5","4.95","Wol",50,439.7419728,2.64319792044221,-3.36672449482546,1,"10",NA,"Incomplete",NA,NA,NA,NA,"149_data/raw/230821_MA_Wolbachia_Density_Batch1_b1p8T.csv",3.15172138,"0.51846","16.45",22.2,1.77,26.6,22.3,0.1,2,16,1.88,19.9,15.8,0.4,2,NA,"PASS"
76,130,"Wol",50,1,"NA","NA",0.001975759,"6.0000000000000002E-5","2.91","Wol",50,NA,NA,-2.70426603108104,1,"11","TCID NON-DETECT","Incomplete",NA,NA,NA,NA,NA,NA,NA,NA,NA,NA,NA,NA,NA,NA,NA,NA,NA,NA,NA,NA,NA,NA
161,408,"Wol",50,2,"6.5","43640000",24.38806713,"1.3998600000000001","5.74","Wol",50,2472981.919,6.39322094106521,1.38717738177995,1,"12",NA,"Incomplete",NA,NA,NA,NA,"161_data/raw/2309018_MA_Wolbachia_Density_Batch_repeat_1_b1p31T.csv",0.84584954,"0.06277","7.42",28.1,1.69,32.9,28,0.2,1,22.3,1.83,26.4,22.3,0,1,NA,"PASS"
161,408,"Wol",50,2,"6.5","43640000",24.38806713,"1.3998600000000001","5.74","Wol",50,2472981.919,6.39322094106521,1.38717738177995,1,"12",NA,"Incomplete",NA,NA,NA,NA,"161_data/raw/2309018_MA_Wolbachia_Density_Batch_repeat_1_b1p31T.csv",0.84584954,"0.06277","7.42",27.8,1.72,32.8,28,0.2,2,22.3,1.8,26.3,22.3,0,2,NA,"PASS"
89,154,"Wol",50,2,"6","13800000",2.492701692,"0.23511000000000001","9.43","Wol",50,782015.364,5.89321528558526,0.396670308479706,2,"13",NA,"Incomplete",NA,NA,NA,NA,"89_data/raw/230824_MA_Wolbachia_Density_Batch2_b1p12T.csv",1.4080502431,"0.13704","9.73",24.4,1.63,29.1,24.4,0.1,1,18.5,1.71,22.6,18.7,0.2,1,NA,"PASS"
89,154,"Wol",50,2,"6","13800000",2.492701692,"0.23511000000000001","9.43","Wol",50,782015.364,5.89321528558526,0.396670308479706,2,"13",NA,"Incomplete",NA,NA,NA,NA,"89_data/raw/230824_MA_Wolbachia_Density_Batch2_b1p12T.csv",1.4080502431,"0.13704","9.73",24.3,1.66,28.8,24.4,0.1,2,18.8,1.68,22.4,18.7,0.2,2,NA,"PASS"
29,34,"Wol",50,2,"2.75","7760",0.005777016,"4.4000000000000002E-4","7.64","Wol",50,439.7419728,2.64319792044221,-2.23829642963669,2,"14",NA,"Incomplete",NA,NA,NA,NA,"29_data/raw/230824_MA_Wolbachia_Density_Batch2_b1p12T.csv",3.904327678,"0.56926","14.58",22.9,1.68,27.3,23.1,0.2,1,15.8,1.65,20.1,16,0.3,1,NA,"PASS"
29,34,"Wol",50,2,"2.75","7760",0.005777016,"4.4000000000000002E-4","7.64","Wol",50,439.7419728,2.64319792044221,-2.23829642963669,2,"14",NA,"Incomplete",NA,NA,NA,NA,"29_data/raw/230824_MA_Wolbachia_Density_Batch2_b1p12T.csv",3.904327678,"0.56926","14.58",23.2,1.71,27.4,23.1,0.2,2,16.2,2.03,20.1,16,0.3,2,NA,"PASS"
88,154,"Wol",50,1,"NA","NA",0.036795307,"3.6900000000000001E-3","10.039999999999999","Wol",50,NA,NA,-1.43420756920621,2,"15","TCID NON-DETECT","Incomplete",NA,NA,NA,NA,"88_data/raw/230824_MA_Wolbachia_Density_Batch2_b1p12T.csv",4.6476832515,"0.63471","13.66",23.9,1.66,28.6,24.1,0.3,1,16.4,1.7,20.6,16.6,0.2,1,NA,"PASS"
88,154,"Wol",50,1,"NA","NA",0.036795307,"3.6900000000000001E-3","10.039999999999999","Wol",50,NA,NA,-1.43420756920621,2,"15","TCID NON-DETECT","Incomplete",NA,NA,NA,NA,"88_data/raw/230824_MA_Wolbachia_Density_Batch2_b1p12T.csv",4.6476832515,"0.63471","13.66",24.3,1.74,28.9,24.1,0.3,2,16.7,1.87,20.4,16.6,0.2,2,NA,"PASS"
142,264,"Wol",50,1,"6.6","54940000",NA,"NA","NA","Wol",50,3113327.833,6.49322485424067,NA,2,"16","qPCR NON-DETECT","Incomplete",NA,NA,NA,NA,NA,NA,NA,NA,NA,NA,NA,NA,NA,NA,NA,NA,NA,NA,NA,NA,NA,NA
155,360,"Wol",50,2,"6.25","24540000",5.397070191,"0","0","Wol",50,1390627.321,6.14321075751255,0.732158066270838,2,"17",NA,"Incomplete",NA,NA,NA,NA,"155_data/raw/230824_MA_Wolbachia_Density_Batch2_b1p12T.csv",4.0046677519,"0.7038","17.57",28.7,1.69,33.3,29,0.4,1,20.5,1.7,24.6,20.7,0.2,1,NA,"PASS"
155,360,"Wol",50,2,"6.25","24540000",5.397070191,"0","0","Wol",50,1390627.321,6.14321075751255,0.732158066270838,2,"17",NA,"Incomplete",NA,NA,NA,NA,"155_data/raw/230824_MA_Wolbachia_Density_Batch2_b1p12T.csv",4.0046677519,"0.7038","17.57",29.3,1.62,33.9,29,0.4,2,20.8,1.74,24.9,20.7,0.2,2,NA,"PASS"
82,144,"Wol",50,1,"3.6","54940",0.017337399,"1.2899999999999999E-3","7.42","Wol",50,3113.327833,3.49322485424067,-1.7610160559184,2,"18",NA,"Incomplete",NA,NA,NA,NA,NA,NA,NA,NA,NA,NA,NA,NA,NA,NA,NA,NA,NA,NA,NA,NA,NA,NA
60,96,"Wol",50,3,"4.5","436400",0.749908103,"2.8649999999999998E-2","3.82","Wol",50,24729.81919,4.39322094106521,-0.124991953682031,2,"19",NA,"Incomplete",NA,NA,NA,NA,"60_data/raw/230824_MA_Wolbachia_Density_Batch2_b1p12T.csv",4.3630431282,"0.17432","4",22.5,1.63,27.1,22.5,0.1,1,15.4,1.64,19.6,15.4,0.1,1,NA,"PASS"
60,96,"Wol",50,3,"4.5","436400",0.749908103,"2.8649999999999998E-2","3.82","Wol",50,24729.81919,4.39322094106521,-0.124991953682031,2,"19",NA,"Incomplete",NA,NA,NA,NA,"60_data/raw/230824_MA_Wolbachia_Density_Batch2_b1p12T.csv",4.3630431282,"0.17432","4",22.4,1.72,26.9,22.5,0.1,2,15.3,1.79,19.9,15.4,0.1,2,NA,"PASS"
151,336,"Wol",50,1,"6.4","34660000",6.258035579,"0.39587","6.33","Wol",50,1964105.255,6.29316475760615,0.796438027924819,2,"20",NA,"Incomplete",NA,NA,NA,NA,NA,NA,NA,NA,NA,NA,NA,NA,NA,NA,NA,NA,NA,NA,NA,NA,NA,NA
94,168,"Wol",50,1,"2.6","5494",0.016639414,"4.0999999999999999E-4","2.4700000000000002","Wol",50,311.3327833,2.49322485424067,-1.77886197257941,2,"21",NA,"Incomplete",NA,NA,NA,NA,"94_data/raw/230824_MA_Wolbachia_Density_Batch2_b1p12T.csv",1.9680496294,"0.06175","3.14",24.9,1.65,29.4,24.9,0,1,18.6,1.8,22.6,18.6,0.1,1,NA,"PASS"
94,168,"Wol",50,1,"2.6","5494",0.016639414,"4.0999999999999999E-4","2.4700000000000002","Wol",50,311.3327833,2.49322485424067,-1.77886197257941,2,"21",NA,"Incomplete",NA,NA,NA,NA,"94_data/raw/230824_MA_Wolbachia_Density_Batch2_b1p12T.csv",1.9680496294,"0.06175","3.14",24.9,1.7,29.1,24.9,0,2,18.5,1.8,22.1,18.6,0.1,2,NA,"PASS"
107,192,"Wol",50,2,"7.6897000000000002","675400000",9.431783385,"0.23329","2.4700000000000002","Wol",50,38273418.61,7.58289725546072,0.974593817979794,2,"22",NA,"Incomplete",NA,NA,NA,NA,NA,NA,NA,NA,NA,NA,NA,NA,NA,NA,NA,NA,NA,NA,NA,NA,NA,NA
125,226,"Wol",50,2,"7.6","549400000",16.62804626,"2.05646","12.37","Wol",50,31133278.33,7.49322485424067,1.22084122406336,2,"23",NA,"Incomplete",NA,NA,NA,NA,NA,NA,NA,NA,NA,NA,NA,NA,NA,NA,NA,NA,NA,NA,NA,NA,NA,NA
136,250,"Wol",50,1,"7.1551999999999998","197300000",45.22687101,"1.3165899999999999","2.91","Wol",50,11180552.99,7.04846328428084,1.65539654241987,2,"24",NA,"Incomplete",NA,NA,NA,NA,NA,NA,NA,NA,NA,NA,NA,NA,NA,NA,NA,NA,NA,NA,NA,NA,NA,NA
114,202,"Wol",50,3,"3.75","77600",0.040629589,"2.3700000000000001E-3","5.82","Wol",50,4397.419728,3.64319792044221,-1.39115757087898,3,"25",NA,"Incomplete",NA,NA,NA,NA,NA,NA,NA,NA,NA,NA,NA,NA,NA,NA,NA,NA,NA,NA,NA,NA,NA,NA
158,384,"Wol",50,2,"6.75","77600000",5.424796342,"0.20723","3.82","Wol",50,4397419.728,6.64319792044221,0.734383438519493,3,"26",NA,"Incomplete",NA,NA,NA,NA,"158_data/raw/230907_MA_Wolbachia_Density_Batch3_REDONE_b1p22T.csv",1.5551782014,"0.0488","3.14",26.2,1.64,30.6,26.2,0,1,20,1.67,24.6,20,0.1,1,NA,"PASS"
158,384,"Wol",50,2,"6.75","77600000",5.424796342,"0.20723","3.82","Wol",50,4397419.728,6.64319792044221,0.734383438519493,3,"26",NA,"Incomplete",NA,NA,NA,NA,"158_data/raw/230907_MA_Wolbachia_Density_Batch3_REDONE_b1p22T.csv",1.5551782014,"0.0488","3.14",26.2,1.62,30.6,26.2,0,2,19.9,1.67,24.1,20,0.1,2,NA,"PASS"
108,192,"Wol",50,3,"7.5","436400000",3.972969123,"0.49135000000000001","12.37","Wol",50,24729819.19,7.39322094106521,0.599115189831898,3,"27",NA,"Incomplete",NA,NA,NA,NA,"108_data/raw/230907_MA_Wolbachia_Density_Batch3_REDONE_b1p22T.csv",0.8396663396,"0.11645","13.87",28.7,1.71,33.3,29,0.4,1,23.2,1.73,27.8,23.1,0.1,1,NA,"PASS"
108,192,"Wol",50,3,"7.5","436400000",3.972969123,"0.49135000000000001","12.37","Wol",50,24729819.19,7.39322094106521,0.599115189831898,3,"27",NA,"Incomplete",NA,NA,NA,NA,"108_data/raw/230907_MA_Wolbachia_Density_Batch3_REDONE_b1p22T.csv",0.8396663396,"0.11645","13.87",29.2,1.7,33.8,29,0.4,2,23,1.68,27.4,23.1,0.1,2,NA,"PASS"
11,6,"Wol",50,2,"NA","NA",NA,"NA","NA","Wol",50,NA,NA,NA,3,"28","NON-DETECT","Incomplete",NA,NA,NA,NA,"11_data/raw/230907_MA_Wolbachia_Density_Batch3_REDONE_b1p22T.csv",0.9513411017,"0.03801","4",23.1,1.62,28.1,23.1,0.1,1,18.2,1.75,22.1,18.3,0.1,1,NA,"PASS"
11,6,"Wol",50,2,"NA","NA",NA,"NA","NA","Wol",50,NA,NA,NA,3,"28","NON-DETECT","Incomplete",NA,NA,NA,NA,"11_data/raw/230907_MA_Wolbachia_Density_Batch3_REDONE_b1p22T.csv",0.9513411017,"0.03801","4",23,1.75,27.6,23.1,0.1,2,18.3,1.76,22.4,18.3,0.1,2,NA,"PASS"
143,264,"Wol",50,2,"7.25","245400000",28.51113962,"0.70521999999999996","2.4700000000000002","Wol",50,13906273.21,7.14321075751255,1.45501457686,3,"29",NA,"Incomplete",NA,NA,NA,NA,"143_data/raw/230907_MA_Wolbachia_Density_Batch3_REDONE_b1p22T.csv",0.9711099155,"0.13262","13.66",29,1.65,33.8,28.8,0.3,1,22.9,1.61,27.6,22.8,0.2,1,NA,"PASS"
143,264,"Wol",50,2,"7.25","245400000",28.51113962,"0.70521999999999996","2.4700000000000002","Wol",50,13906273.21,7.14321075751255,1.45501457686,3,"29",NA,"Incomplete",NA,NA,NA,NA,"143_data/raw/230907_MA_Wolbachia_Density_Batch3_REDONE_b1p22T.csv",0.9711099155,"0.13262","13.66",28.6,1.75,33.6,28.8,0.3,2,22.6,1.71,27.1,22.8,0.2,2,NA,"PASS"
102,178,"Wol",50,3,"6.6","54940000",14.8311513,"2.55389","17.22","Wol",50,3113327.833,6.49322485424067,1.17117486537967,3,"30",NA,"Incomplete",NA,NA,NA,NA,NA,NA,NA,NA,NA,NA,NA,NA,NA,NA,NA,NA,NA,NA,NA,NA,NA,NA
64,106,"Wol",50,1,"6.5","43640000",1.425507148,"8.1820000000000004E-2","5.74","Wol",50,2472981.919,6.39322094106521,0.153969399357982,3,"31",NA,"Incomplete",NA,NA,NA,NA,"64_data/raw/2309018_MA_Wolbachia_Density_Batch_repeat_1_b1p31T.csv",5.063326104,"0.15887","3.14",24.4,1.69,29.1,24.4,0,1,16.7,1.88,20.6,16.7,0.1,1,NA,"PASS"
64,106,"Wol",50,1,"6.5","43640000",1.425507148,"8.1820000000000004E-2","5.74","Wol",50,2472981.919,6.39322094106521,0.153969399357982,3,"31",NA,"Incomplete",NA,NA,NA,NA,"64_data/raw/2309018_MA_Wolbachia_Density_Batch_repeat_1_b1p31T.csv",5.063326104,"0.15887","3.14",24.4,1.77,28.9,24.4,0,2,16.6,1.82,20.3,16.7,0.1,2,NA,"PASS"
112,202,"Wol",50,1,"5.6","5494000",1.159856164,"4.4310000000000002E-2","3.82","Wol",50,311332.7833,5.49322485424067,0.0644041348697834,3,"32",NA,"Incomplete",NA,NA,NA,NA,"112_data/raw/230907_MA_Wolbachia_Density_Batch3_REDONE_b1p22T.csv",1.6243571557,"0.17273","10.63",25.5,1.69,30.4,25.4,0.1,1,19.1,1.69,23.8,19.3,0.2,1,NA,"PASS"
112,202,"Wol",50,1,"5.6","5494000",1.159856164,"4.4310000000000002E-2","3.82","Wol",50,311332.7833,5.49322485424067,0.0644041348697834,3,"32",NA,"Incomplete",NA,NA,NA,NA,"112_data/raw/230907_MA_Wolbachia_Density_Batch3_REDONE_b1p22T.csv",1.6243571557,"0.17273","10.63",25.3,1.63,29.9,25.4,0.1,2,19.4,1.79,23.6,19.3,0.2,2,NA,"PASS"
42,58,"Wol",50,3,"2.75","7760",0.003939568,"4.6999999999999999E-4","11.9","Wol",50,439.7419728,2.64319792044221,-2.40455139886032,3,"33",NA,"Incomplete",NA,NA,NA,NA,"42_data/raw/230907_MA_Wolbachia_Density_Batch3_REDONE_b1p22T.csv",4.7673868276,"0.23584","4.95",23.3,1.65,28.1,23.2,0.1,1,15.8,1.73,20.1,15.8,0,1,NA,"PASS"
42,58,"Wol",50,3,"2.75","7760",0.003939568,"4.6999999999999999E-4","11.9","Wol",50,439.7419728,2.64319792044221,-2.40455139886032,3,"33",NA,"Incomplete",NA,NA,NA,NA,"42_data/raw/230907_MA_Wolbachia_Density_Batch3_REDONE_b1p22T.csv",4.7673868276,"0.23584","4.95",23.1,1.66,27.4,23.2,0.1,2,15.8,1.69,19.9,15.8,0,2,NA,"PASS"
95,168,"Wol",50,2,"7.1551999999999998","197300000",19.88036711,"0.75943000000000005","3.82","Wol",50,11180552.99,7.04846328428084,1.29842439979848,3,"34",NA,"Incomplete",NA,NA,NA,NA,NA,NA,NA,NA,NA,NA,NA,NA,NA,NA,NA,NA,NA,NA,NA,NA,NA,NA
17,10,"Wol",50,2,"NA","NA",NA,"NA","NA","Wol",50,NA,NA,NA,3,"35","NON-DETECT","Incomplete",NA,NA,NA,NA,"17_data/raw/230907_MA_Wolbachia_Density_Batch3_REDONE_b1p22T.csv",2.6823689248,"0.21611","8.06",23.6,1.7,28.1,23.8,0.2,1,17.2,1.82,21.1,17.2,0.1,1,NA,"PASS"
17,10,"Wol",50,2,"NA","NA",NA,"NA","NA","Wol",50,NA,NA,NA,3,"35","NON-DETECT","Incomplete",NA,NA,NA,NA,"17_data/raw/230907_MA_Wolbachia_Density_Batch3_REDONE_b1p22T.csv",2.6823689248,"0.21611","8.06",23.9,1.66,28.4,23.8,0.2,2,17.1,1.78,21.3,17.2,0.1,2,NA,"PASS"
145,288,"Wol",50,1,"6.5","43640000",14.42485804,"1.14981","7.97","Wol",50,2472981.919,6.39322094106521,1.15911154780711,3,"36",NA,"Incomplete",NA,NA,NA,NA,NA,NA,NA,NA,NA,NA,NA,NA,NA,NA,NA,NA,NA,NA,NA,NA,NA,NA
100,178,"Wol",50,1,"6.25","24540000",8.072356022,"0.61673","7.64","Wol",50,1390627.321,6.14321075751255,0.907000307711058,4,"37",NA,"Incomplete",NA,NA,NA,NA,NA,NA,NA,NA,NA,NA,NA,NA,NA,NA,NA,NA,NA,NA,NA,NA,NA,NA
83,144,"Wol",50,2,"7.5","436400000",8.158761636,"0.60541999999999996","7.42","Wol",50,24729819.19,7.39322094106521,0.911624245093889,4,"39",NA,"Incomplete",NA,NA,NA,NA,"83_data/raw/2309011_MA_Wolbachia_Density_Batch4_b1p25T.csv",2.1362015991,"0.33514","15.69",25.7,1.7,30.3,25.7,0,1,19.3,1.8,23.1,19.1,0.4,1,NA,"PASS"
83,144,"Wol",50,2,"7.5","436400000",8.158761636,"0.60541999999999996","7.42","Wol",50,24729819.19,7.39322094106521,0.911624245093889,4,"39",NA,"Incomplete",NA,NA,NA,NA,"83_data/raw/2309011_MA_Wolbachia_Density_Batch4_b1p25T.csv",2.1362015991,"0.33514","15.69",25.7,1.67,30.1,25.7,0,2,18.8,1.77,22.6,19.1,0.4,2,NA,"PASS"
46,72,"Wol",50,1,"6.125","18400000",0.278446021,"1.6209999999999999E-2","5.82","Wol",50,1042687.152,6.01815402219356,-0.555258983807946,4,"40",NA,"Incomplete",NA,NA,NA,NA,"46_data/raw/2309011_MA_Wolbachia_Density_Batch4_b1p25T.csv",2.2642081498,"0.37246","16.45",22.8,1.69,27.6,22.9,0.1,1,17,1.69,20.9,16.8,0.4,1,NA,"PASS"
46,72,"Wol",50,1,"6.125","18400000",0.278446021,"1.6209999999999999E-2","5.82","Wol",50,1042687.152,6.01815402219356,-0.555258983807946,4,"40",NA,"Incomplete",NA,NA,NA,NA,"46_data/raw/2309011_MA_Wolbachia_Density_Batch4_b1p25T.csv",2.2642081498,"0.37246","16.45",23,1.59,27.6,22.9,0.1,2,16.5,1.6,20.6,16.8,0.4,2,NA,"PASS"
54,82,"Wol",50,3,"NA","NA",0.163074815,"2.2519999999999998E-2","13.81","Wol",50,NA,NA,-0.787613105489974,4,"42","TCID NON-DETECT","Incomplete",NA,NA,NA,NA,"54_data/raw/2309011_MA_Wolbachia_Density_Batch4_b1p25T.csv",1.6472237533,"0.04074","2.47",24.4,1.59,28.6,24.4,0.1,1,18.4,1.77,22.8,18.4,0,1,NA,"PASS"
54,82,"Wol",50,3,"NA","NA",0.163074815,"2.2519999999999998E-2","13.81","Wol",50,NA,NA,-0.787613105489974,4,"42","TCID NON-DETECT","Incomplete",NA,NA,NA,NA,"54_data/raw/2309011_MA_Wolbachia_Density_Batch4_b1p25T.csv",1.6472237533,"0.04074","2.47",24.3,1.74,29.1,24.4,0.1,2,18.4,1.78,22.1,18.4,0,2,NA,"PASS"
34,48,"Wol",50,1,"2.7","6916",0.030851477,"3.5400000000000002E-3","11.46","Wol",50,391.9143665,2.59319118380807,-1.51072403948828,4,"43",NA,"Incomplete",NA,NA,NA,NA,"34_data/raw/2309011_MA_Wolbachia_Density_Batch4_b1p25T.csv",2.0312873955,"0.119","5.86",22.2,1.66,27.1,22.3,0.1,1,16.5,1.74,20.6,16.5,0.1,1,NA,"PASS"
34,48,"Wol",50,1,"2.7","6916",0.030851477,"3.5400000000000002E-3","11.46","Wol",50,391.9143665,2.59319118380807,-1.51072403948828,4,"43",NA,"Incomplete",NA,NA,NA,NA,"34_data/raw/2309011_MA_Wolbachia_Density_Batch4_b1p25T.csv",2.0312873955,"0.119","5.86",22.4,1.78,26.9,22.3,0.1,2,16.4,1.79,20.3,16.5,0.1,2,NA,"PASS"
48,72,"Wol",50,3,"5","1380000",0.328758686,"9.5700000000000004E-3","2.91","Wol",50,78201.5364,4.89321528558526,-0.483122764032113,4,"44",NA,"Incomplete",NA,NA,NA,NA,"48_data/raw/2309011_MA_Wolbachia_Density_Batch4_b1p25T.csv",1.996642702,"0.09877","4.95",25.4,1.66,29.9,25.5,0.1,1,19,1.73,22.9,19,0,1,NA,"PASS"
48,72,"Wol",50,3,"5","1380000",0.328758686,"9.5700000000000004E-3","2.91","Wol",50,78201.5364,4.89321528558526,-0.483122764032113,4,"44",NA,"Incomplete",NA,NA,NA,NA,"48_data/raw/2309011_MA_Wolbachia_Density_Batch4_b1p25T.csv",1.996642702,"0.09877","4.95",25.6,1.69,29.8,25.5,0.1,2,19,1.78,23.1,19,0,2,NA,"PASS"
41,58,"Wol",50,2,"5.5","4364000",2.568733807,"0.43634000000000001","16.989999999999998","Wol",50,247298.1919,5.39322094106521,0.409719101486729,4,"45",NA,"Incomplete",NA,NA,NA,NA,"41_data/raw/2309011_MA_Wolbachia_Density_Batch4_b1p25T.csv",2.4621762197,"0.09837","4",23.5,1.69,27.9,23.5,0.1,1,17.1,1.8,20.8,17.1,0.1,1,NA,"PASS"
41,58,"Wol",50,2,"5.5","4364000",2.568733807,"0.43634000000000001","16.989999999999998","Wol",50,247298.1919,5.39322094106521,0.409719101486729,4,"45",NA,"Incomplete",NA,NA,NA,NA,"41_data/raw/2309011_MA_Wolbachia_Density_Batch4_b1p25T.csv",2.4621762197,"0.09837","4",23.4,1.74,27.8,23.5,0.1,2,17,1.76,20.8,17.1,0.1,2,NA,"PASS"
157,384,"Wol",50,1,"6.75","77600000",12.36455812,"0.47233000000000003","3.82","Wol",50,4397419.728,6.64319792044221,1.09217860031925,4,"46",NA,"Incomplete",NA,NA,NA,NA,"157_data/raw/2309011_MA_Wolbachia_Density_Batch4_b1p25T.csv",1.2513585643,"0.14661","11.72",27.8,1.62,32.6,27.6,0.3,1,21.3,1.74,25.4,21.4,0.1,1,NA,"PASS"
157,384,"Wol",50,1,"6.75","77600000",12.36455812,"0.47233000000000003","3.82","Wol",50,4397419.728,6.64319792044221,1.09217860031925,4,"46",NA,"Incomplete",NA,NA,NA,NA,"157_data/raw/2309011_MA_Wolbachia_Density_Batch4_b1p25T.csv",1.2513585643,"0.14661","11.72",27.4,1.72,31.4,27.6,0.3,2,21.5,1.81,25.6,21.4,0.1,2,NA,"PASS"
153,336,"Wol",50,3,"6.4","34660000",5.013894297,"0.95765999999999996","19.100000000000001","Wol",50,1964105.255,6.29316475760615,0.700175173915474,4,"47",NA,"Incomplete",NA,NA,NA,NA,"153_data/raw/2309011_MA_Wolbachia_Density_Batch4_b1p25T.csv",2.7519920751,"0.28564","10.38",26.9,1.71,31.6,27.1,0.3,1,19.8,1.85,23.8,19.8,0.1,1,NA,"PASS"
153,336,"Wol",50,3,"6.4","34660000",5.013894297,"0.95765999999999996","19.100000000000001","Wol",50,1964105.255,6.29316475760615,0.700175173915474,4,"47",NA,"Incomplete",NA,NA,NA,NA,"153_data/raw/2309011_MA_Wolbachia_Density_Batch4_b1p25T.csv",2.7519920751,"0.28564","10.38",27.3,1.77,31.6,27.1,0.3,2,19.7,1.79,23.8,19.8,0.1,2,NA,"PASS"
130,240,"Wol",50,1,"8","1380000000",12.18247228,"0.46537000000000001","3.82","Wol",50,78201536.4,7.89321528558526,1.0857354318607,4,"48",NA,"Incomplete",NA,NA,NA,NA,NA,NA,NA,NA,NA,NA,NA,NA,NA,NA,NA,NA,NA,NA,NA,NA,NA,NA
52,82,"Wol",50,1,"4.6364000000000001","597400",0.162176652,"1.2930000000000001E-2","7.97","Wol",50,33853.33177,4.52960141742648,-0.790011669467846,5,"49",NA,"Incomplete",NA,NA,NA,NA,"52_data/raw/2309011_MA_Wolbachia_Density_Batch5_b1p26T.csv",2.3686771457,"0.17577","7.42",24.3,1.63,28.6,24.5,0.2,1,17.9,1.78,21.6,17.9,0,1,NA,"PASS"
52,82,"Wol",50,1,"4.6364000000000001","597400",0.162176652,"1.2930000000000001E-2","7.97","Wol",50,33853.33177,4.52960141742648,-0.790011669467846,5,"49",NA,"Incomplete",NA,NA,NA,NA,"52_data/raw/2309011_MA_Wolbachia_Density_Batch5_b1p26T.csv",2.3686771457,"0.17577","7.42",24.6,1.61,29.1,24.5,0.2,2,17.9,1.73,21.9,17.9,0,2,NA,"PASS"
152,336,"Wol",50,2,"6.5","43640000",2.005844109,"4.9610000000000001E-2","2.4700000000000002","Wol",50,2472981.919,6.39322094106521,0.302297177322545,5,"50",NA,"Incomplete",NA,NA,NA,NA,"152_data/raw/2309011_MA_Wolbachia_Density_Batch5_b1p26T.csv",2.0341113749,"0.2163","10.63",20.3,1.66,24.6,20.4,0.1,1,14.8,1.75,19.1,15,0.2,1,NA,"PASS"
152,336,"Wol",50,2,"6.5","43640000",2.005844109,"4.9610000000000001E-2","2.4700000000000002","Wol",50,2472981.919,6.39322094106521,0.302297177322545,5,"50",NA,"Incomplete",NA,NA,NA,NA,"152_data/raw/2309011_MA_Wolbachia_Density_Batch5_b1p26T.csv",2.0341113749,"0.2163","10.63",20.5,1.71,24.9,20.4,0.1,2,15.1,1.72,19.1,15,0.2,2,NA,"PASS"
146,288,"Wol",50,2,"6.6","54940000",10.05822557,"0.74636000000000002","7.42","Wol",50,3113327.833,6.49322485424067,1.00252137106496,5,"51",NA,"Incomplete",NA,NA,NA,NA,"146_data/raw/2309011_MA_Wolbachia_Density_Batch5_b1p26T.csv",2.12837941,"0.06678","3.14",26.2,1.69,30.6,26.2,0,1,19.5,1.69,23.8,19.5,0.1,1,NA,"PASS"
146,288,"Wol",50,2,"6.6","54940000",10.05822557,"0.74636000000000002","7.42","Wol",50,3113327.833,6.49322485424067,1.00252137106496,5,"51",NA,"Incomplete",NA,NA,NA,NA,"146_data/raw/2309011_MA_Wolbachia_Density_Batch5_b1p26T.csv",2.12837941,"0.06678","3.14",26.2,1.68,30.9,26.2,0,2,19.4,1.73,23.3,19.5,0.1,2,NA,"PASS"
59,96,"Wol",50,2,"5.75","7760000",1.814127661,"0.28921000000000002","15.94","Wol",50,439741.9728,5.64319792044221,0.258667845302385,5,"52",NA,"Incomplete",NA,NA,NA,NA,"59_data/raw/2309011_MA_Wolbachia_Density_Batch5_b1p26T.csv",3.728607106,"0.36289","9.73",25.1,1.79,29.9,25.1,0.1,1,17.5,1.75,21.4,17.7,0.2,1,NA,"PASS"
59,96,"Wol",50,2,"5.75","7760000",1.814127661,"0.28921000000000002","15.94","Wol",50,439741.9728,5.64319792044221,0.258667845302385,5,"52",NA,"Incomplete",NA,NA,NA,NA,"59_data/raw/2309011_MA_Wolbachia_Density_Batch5_b1p26T.csv",3.728607106,"0.36289","9.73",25,1.73,29.6,25.1,0.1,2,17.8,1.71,21.8,17.7,0.2,2,NA,"PASS"
154,360,"Wol",50,1,"7.25","245400000",10.16613902,"0.25146000000000002","2.4700000000000002","Wol",50,13906273.21,7.14321075751255,1.00715604430098,5,"53",NA,"Incomplete",NA,NA,NA,NA,"154_data/raw/2309011_MA_Wolbachia_Density_Batch5_b1p26T.csv",1.1714615653,"0.07902","6.75",29.8,1.68,34.4,29.8,0.1,1,23.1,1.88,26.9,23.2,0.1,1,NA,"PASS"
154,360,"Wol",50,1,"7.25","245400000",10.16613902,"0.25146000000000002","2.4700000000000002","Wol",50,13906273.21,7.14321075751255,1.00715604430098,5,"53",NA,"Incomplete",NA,NA,NA,NA,"154_data/raw/2309011_MA_Wolbachia_Density_Batch5_b1p26T.csv",1.1714615653,"0.07902","6.75",29.7,1.64,34.1,29.8,0.1,2,23.3,1.75,27.1,23.2,0.1,2,NA,"PASS"
137,250,"Wol",50,2,"7.3635999999999999","318800000",1.998256063,"0.18847","9.43","Wol",50,18065688.26,7.25685451181194,0.30065113935664,5,"54",NA,"Incomplete",NA,NA,NA,NA,"137_data/raw/2309011_MA_Wolbachia_Density_Batch5_b1p26T.csv",2.1822257696,"0.1472","6.75",23.6,1.67,28.1,23.7,0.1,1,17.3,1.71,21.4,17.4,0.1,1,NA,"PASS"
137,250,"Wol",50,2,"7.3635999999999999","318800000",1.998256063,"0.18847","9.43","Wol",50,18065688.26,7.25685451181194,0.30065113935664,5,"54",NA,"Incomplete",NA,NA,NA,NA,"137_data/raw/2309011_MA_Wolbachia_Density_Batch5_b1p26T.csv",2.1822257696,"0.1472","6.75",23.7,1.66,28.1,23.7,0.1,2,17.5,1.78,21.6,17.4,0.1,2,NA,"PASS"
119,216,"Wol",50,2,"5.6","5494000",0.252848524,"4.1309999999999999E-2","16.34","Wol",50,311332.7833,5.49322485424067,-0.597139577212478,5,"55",NA,"Incomplete",NA,NA,NA,NA,"119_data/raw/2309018_MA_Wolbachia_Density_Batch_repeat_1_b1p31T.csv",2.8889836657,"0.09065","3.14",23.9,1.66,28.4,23.9,0,1,17.2,1.8,21.6,17.2,0.1,1,NA,"PASS"
119,216,"Wol",50,2,"5.6","5494000",0.252848524,"4.1309999999999999E-2","16.34","Wol",50,311332.7833,5.49322485424067,-0.597139577212478,5,"55",NA,"Incomplete",NA,NA,NA,NA,"119_data/raw/2309018_MA_Wolbachia_Density_Batch_repeat_1_b1p31T.csv",2.8889836657,"0.09065","3.14",23.9,1.7,28.6,23.9,0,2,17.1,1.75,21.1,17.2,0.1,2,NA,"PASS"
106,192,"Wol",50,1,"3.6","54940",0.041623725,"5.2900000000000004E-3","12.71","Wol",50,3113.327833,3.49322485424067,-1.38065905640322,5,"56",NA,"Incomplete",NA,NA,NA,NA,"106_data/raw/2309011_MA_Wolbachia_Density_Batch5_b1p26T.csv",2.8678650576,"0.47176","16.45",24.8,1.66,29.4,24.9,0.1,1,17.7,1.71,21.9,18,0.4,1,NA,"PASS"
106,192,"Wol",50,1,"3.6","54940",0.041623725,"5.2900000000000004E-3","12.71","Wol",50,3113.327833,3.49322485424067,-1.38065905640322,5,"56",NA,"Incomplete",NA,NA,NA,NA,"106_data/raw/2309011_MA_Wolbachia_Density_Batch5_b1p26T.csv",2.8678650576,"0.47176","16.45",25,1.71,29.6,24.9,0.1,2,18.2,1.87,22.1,18,0.4,2,NA,"PASS"
58,96,"Wol",50,1,"5.75","7760000",2.876652183,"0.10989","3.82","Wol",50,439741.9728,5.64319792044221,0.458887354370166,5,"57",NA,"Incomplete",NA,NA,NA,NA,"58_data/raw/2309011_MA_Wolbachia_Density_Batch5_b1p26T.csv",1.59816135,"0.03953","2.47",25,1.74,29.1,25.1,0.1,1,19,1.84,22.9,19,0,1,NA,"PASS"
58,96,"Wol",50,1,"5.75","7760000",2.876652183,"0.10989","3.82","Wol",50,439741.9728,5.64319792044221,0.458887354370166,5,"57",NA,"Incomplete",NA,NA,NA,NA,"58_data/raw/2309011_MA_Wolbachia_Density_Batch5_b1p26T.csv",1.59816135,"0.03953","2.47",25.1,1.64,29.6,25.1,0.1,2,19,1.81,23.6,19,0,2,NA,"PASS"
78,130,"Wol",50,3,"7","138000000",4.484858153,"0.45014999999999999","10.039999999999999","Wol",50,7820153.64,6.89321528558526,0.651748711740521,5,"58",NA,"Incomplete",NA,NA,NA,NA,NA,NA,NA,NA,NA,NA,NA,NA,NA,NA,NA,NA,NA,NA,NA,NA,NA,NA
65,106,"Wol",50,2,"NA","NA",0.002104622,"2.2000000000000001E-4","10.31","Wol",50,NA,NA,-2.67682589415398,5,"59","TCID NON-DETECT","Incomplete",NA,NA,NA,NA,"65_data/raw/2309018_MA_Wolbachia_Density_Batch_repeat_1_b1p31T.csv",2.3160797502,"0.14534","6.28",25.8,1.69,30.4,25.8,0,1,18.9,1.79,22.9,19,0.1,1,NA,"PASS"
65,106,"Wol",50,2,"NA","NA",0.002104622,"2.2000000000000001E-4","10.31","Wol",50,NA,NA,-2.67682589415398,5,"59","TCID NON-DETECT","Incomplete",NA,NA,NA,NA,"65_data/raw/2309018_MA_Wolbachia_Density_Batch_repeat_1_b1p31T.csv",2.3160797502,"0.14534","6.28",25.8,1.68,30.4,25.8,0,2,19.1,1.76,22.9,19,0.1,2,NA,"PASS"
71,120,"Wol",50,2,"4.5","436400",0.782115418,"9.8949999999999996E-2","12.65","Wol",50,24729.81919,4.39322094106521,-0.106729152692341,5,"60",NA,"Incomplete",NA,NA,NA,NA,"71_data/raw/2309011_MA_Wolbachia_Density_Batch5_b1p26T.csv",1.2713040604,"0.13196","10.38",26.1,1.6,30.9,26.3,0.3,1,20.3,1.68,24.1,20.4,0.1,1,NA,"PASS"
71,120,"Wol",50,2,"4.5","436400",0.782115418,"9.8949999999999996E-2","12.65","Wol",50,24729.81919,4.39322094106521,-0.106729152692341,5,"60",NA,"Incomplete",NA,NA,NA,NA,"71_data/raw/2309011_MA_Wolbachia_Density_Batch5_b1p26T.csv",1.2713040604,"0.13196","10.38",26.5,1.61,30.9,26.3,0.3,2,20.4,1.75,24.3,20.4,0.1,2,NA,"PASS"
138,250,"Wol",50,3,"8.1552000000000007","1970000000",4.918487212,"0.24332000000000001","4.95","Wol",50,111805529.9,8.04846328428084,0.691831546566755,6,"61",NA,"Incomplete",NA,NA,NA,NA,"138_data/raw/2309011_MA_Wolbachia_Density_Batch6_b1p27T.csv",2.2027613481,"0.08801","4",26.6,1.59,31.6,26.7,0.1,1,19.7,1.75,23.9,19.8,0.1,1,NA,"PASS"
138,250,"Wol",50,3,"8.1552000000000007","1970000000",4.918487212,"0.24332000000000001","4.95","Wol",50,111805529.9,8.04846328428084,0.691831546566755,6,"61",NA,"Incomplete",NA,NA,NA,NA,"138_data/raw/2309011_MA_Wolbachia_Density_Batch6_b1p27T.csv",2.2027613481,"0.08801","4",26.7,1.62,31.1,26.7,0.1,2,19.8,1.74,23.9,19.8,0.1,2,NA,"PASS"
124,226,"Wol",50,1,"7.1551999999999998","197300000",2.112012799,"8.0680000000000002E-2","3.82","Wol",50,11180552.99,7.04846328428084,0.324696545735937,6,"62",NA,"Incomplete",NA,NA,NA,NA,"124_data/raw/2309011_MA_Wolbachia_Density_Batch6_b1p27T.csv",1.537472515,"0.06143","4",26,1.65,30.4,26.1,0.1,1,19.8,1.72,23.8,19.9,0.1,1,NA,"PASS"
124,226,"Wol",50,1,"7.1551999999999998","197300000",2.112012799,"8.0680000000000002E-2","3.82","Wol",50,11180552.99,7.04846328428084,0.324696545735937,6,"62",NA,"Incomplete",NA,NA,NA,NA,"124_data/raw/2309011_MA_Wolbachia_Density_Batch6_b1p27T.csv",1.537472515,"0.06143","4",26.1,1.61,30.6,26.1,0.1,2,19.9,1.79,23.9,19.9,0.1,2,NA,"PASS"
12,6,"Wol",50,3,"NA","NA",NA,"NA","NA","Wol",50,NA,NA,NA,6,"63","NON-DETECT","Incomplete",NA,NA,NA,NA,"12_data/raw/2309011_MA_Wolbachia_Density_Batch6_b1p27T.csv",1.7937368665,"0.08874","4.95",22.9,1.65,27.3,23,0.1,1,17.2,1.87,21.1,17.2,0,1,NA,"PASS"
12,6,"Wol",50,3,"NA","NA",NA,"NA","NA","Wol",50,NA,NA,NA,6,"63","NON-DETECT","Incomplete",NA,NA,NA,NA,"12_data/raw/2309011_MA_Wolbachia_Density_Batch6_b1p27T.csv",1.7937368665,"0.08874","4.95",23.1,1.63,27.9,23,0.1,2,17.2,1.77,21.1,17.2,0,2,NA,"PASS"
148,312,"Wol",50,1,"7","138000000",35.97438123,"6.1108000000000002","16.989999999999998","Wol",50,7820153.64,6.89321528558526,1.55599333267931,6,"64",NA,"Incomplete",NA,NA,NA,NA,"148_data/raw/2309011_MA_Wolbachia_Density_Batch6_b1p27T.csv",0.6508762815,"0.0949","14.58",29.3,1.61,34.1,29.5,0.2,1,23.7,1.75,27.4,23.9,0.3,1,NA,"PASS"
148,312,"Wol",50,1,"7","138000000",35.97438123,"6.1108000000000002","16.989999999999998","Wol",50,7820153.64,6.89321528558526,1.55599333267931,6,"64",NA,"Incomplete",NA,NA,NA,NA,"148_data/raw/2309011_MA_Wolbachia_Density_Batch6_b1p27T.csv",0.6508762815,"0.0949","14.58",29.6,1.68,34.1,29.5,0.2,2,24.1,1.75,28.1,23.9,0.3,2,NA,"PASS"
90,154,"Wol",50,3,"6.25","24540000",6.064708072,"1.0673699999999999","17.600000000000001","Wol",50,1390627.321,6.14321075751255,0.782809900706163,6,"65",NA,"Incomplete",NA,NA,NA,NA,"90_data/raw/2309011_MA_Wolbachia_Density_Batch6_b1p27T.csv",5.1793237559,"0.60682","11.72",27.1,1.59,31.8,27.3,0.3,1,18.8,1.71,23.1,18.9,0.1,1,NA,"PASS"
90,154,"Wol",50,3,"6.25","24540000",6.064708072,"1.0673699999999999","17.600000000000001","Wol",50,1390627.321,6.14321075751255,0.782809900706163,6,"65",NA,"Incomplete",NA,NA,NA,NA,"90_data/raw/2309011_MA_Wolbachia_Density_Batch6_b1p27T.csv",5.1793237559,"0.60682","11.72",27.5,1.98,31.9,27.3,0.3,2,19,1.71,23.1,18.9,0.1,2,NA,"PASS"
96,168,"Wol",50,3,"4.875","1035000",2.047482219,"0.24373","11.9","Wol",50,58651.1523,4.76827654897696,0.311220138894623,6,"66",NA,"Incomplete",NA,NA,NA,NA,"96_data/raw/2309011_MA_Wolbachia_Density_Batch6_b1p27T.csv",2.6786449622,"0.10702","4",25.6,1.63,30.1,25.7,0.1,1,18.6,1.79,22.8,18.7,0.1,1,NA,"PASS"
96,168,"Wol",50,3,"4.875","1035000",2.047482219,"0.24373","11.9","Wol",50,58651.1523,4.76827654897696,0.311220138894623,6,"66",NA,"Incomplete",NA,NA,NA,NA,"96_data/raw/2309011_MA_Wolbachia_Density_Batch6_b1p27T.csv",2.6786449622,"0.10702","4",25.7,1.65,30.1,25.7,0.1,2,18.7,1.73,22.4,18.7,0.1,2,NA,"PASS"
35,48,"Wol",50,2,"2.75","7760",0.003860896,"1E-4","2.4700000000000002","Wol",50,439.7419728,2.64319792044221,-2.41331189670137,6,"67",NA,"Incomplete",NA,NA,NA,NA,"35_data/raw/2309011_MA_Wolbachia_Density_Batch6_b1p27T.csv",6.422167332,"0.20151","3.14",24.5,1.71,29.3,24.5,0,1,16.4,1.67,20.8,16.4,0.1,1,NA,"PASS"
35,48,"Wol",50,2,"2.75","7760",0.003860896,"1E-4","2.4700000000000002","Wol",50,439.7419728,2.64319792044221,-2.41331189670137,6,"67",NA,"Incomplete",NA,NA,NA,NA,"35_data/raw/2309011_MA_Wolbachia_Density_Batch6_b1p27T.csv",6.422167332,"0.20151","3.14",24.5,1.64,29.1,24.5,0,2,16.3,1.7,20.6,16.4,0.1,2,NA,"PASS"
22,24,"Wol",50,1,"NA","NA",0.004895657,"0","0","Wol",50,NA,NA,-2.31018901737914,6,"68","TCID NON-DETECT","Incomplete",NA,NA,NA,NA,"22_data/raw/2309011_MA_Wolbachia_Density_Batch6_b1p27T.csv",5.5238087101,"0.57335","10.38",22.6,1.7,27.1,22.8,0.3,1,15.2,1.88,19.1,15.3,0.1,1,NA,"PASS"
22,24,"Wol",50,1,"NA","NA",0.004895657,"0","0","Wol",50,NA,NA,-2.31018901737914,6,"68","TCID NON-DETECT","Incomplete",NA,NA,NA,NA,"22_data/raw/2309011_MA_Wolbachia_Density_Batch6_b1p27T.csv",5.5238087101,"0.57335","10.38",23,1.68,27.8,22.8,0.3,2,15.3,1.76,19.1,15.3,0.1,2,NA,"PASS"
144,264,"Wol",50,3,"4.6364000000000001","597400",0.105537714,"1.059E-2","10.039999999999999","Wol",50,33853.33177,4.52960141742648,-0.976592317094065,6,"69",NA,"Incomplete",NA,NA,NA,NA,"144_data/raw/2309018_MA_Wolbachia_Density_Batch_repeat_1_b1p31T.csv",4.6201226332,"0.27065","5.86",23.1,1.66,27.4,23.2,0.1,1,15.8,1.85,19.8,15.9,0.1,1,NA,"PASS"
144,264,"Wol",50,3,"4.6364000000000001","597400",0.105537714,"1.059E-2","10.039999999999999","Wol",50,33853.33177,4.52960141742648,-0.976592317094065,6,"69",NA,"Incomplete",NA,NA,NA,NA,"144_data/raw/2309018_MA_Wolbachia_Density_Batch_repeat_1_b1p31T.csv",4.6201226332,"0.27065","5.86",23.3,1.7,27.8,23.2,0.1,2,15.9,1.81,19.6,15.9,0.1,2,NA,"PASS"
72,120,"Wol",50,3,"5.4","3466000",0.135670799,"1.555E-2","11.46","Wol",50,196410.5255,5.29316475760615,-0.867513617320738,6,"71",NA,"Incomplete",NA,NA,NA,NA,"72_data/raw/2309011_MA_Wolbachia_Density_Batch6_b1p27T.csv",5.7024141814,"0.38464","6.75",24.4,1.61,29.1,24.5,0.1,1,16.6,1.72,20.8,16.5,0.1,1,NA,"PASS"
72,120,"Wol",50,3,"5.4","3466000",0.135670799,"1.555E-2","11.46","Wol",50,196410.5255,5.29316475760615,-0.867513617320738,6,"71",NA,"Incomplete",NA,NA,NA,NA,"72_data/raw/2309011_MA_Wolbachia_Density_Batch6_b1p27T.csv",5.7024141814,"0.38464","6.75",24.5,1.63,29.4,24.5,0.1,2,16.4,1.77,20.6,16.5,0.1,2,NA,"PASS"
113,202,"Wol",50,2,"7.1551999999999998","197300000",7.78425941,"0.29736000000000001","3.82","Wol",50,11180552.99,7.04846328428084,0.891217300340245,6,"72",NA,"Incomplete",NA,NA,NA,NA,"113_data/raw/2309011_MA_Wolbachia_Density_Batch6_b1p27T.csv",5.7310165297,"0.45796","7.99",29,1.6,33.6,28.9,0.1,1,19.9,1.71,24.3,20,0.1,1,NA,"PASS"
113,202,"Wol",50,2,"7.1551999999999998","197300000",7.78425941,"0.29736000000000001","3.82","Wol",50,11180552.99,7.04846328428084,0.891217300340245,6,"72",NA,"Incomplete",NA,NA,NA,NA,"113_data/raw/2309011_MA_Wolbachia_Density_Batch6_b1p27T.csv",5.7310165297,"0.45796","7.99",28.8,1.62,33.1,28.9,0.1,2,20.1,1.89,24.3,20,0.1,2,NA,"PASS"
77,130,"Wol",50,2,"5","1380000",1.037281051,"7.9250000000000001E-2","7.64","Wol",50,78201.5364,4.89321528558526,0.0158964442974577,7,"73",NA,"Incomplete",NA,NA,NA,NA,"77_data/raw/2309018_MA_Wolbachia_Density_Batch_repeat_1_b1p31T.csv",5.3653934383,"0.42874","7.99",24.3,1.66,28.9,24.2,0.1,1,16.5,1.81,20.4,16.4,0.1,1,NA,"PASS"
77,130,"Wol",50,2,"5","1380000",1.037281051,"7.9250000000000001E-2","7.64","Wol",50,78201.5364,4.89321528558526,0.0158964442974577,7,"73",NA,"Incomplete",NA,NA,NA,NA,"77_data/raw/2309018_MA_Wolbachia_Density_Batch_repeat_1_b1p31T.csv",5.3653934383,"0.42874","7.99",24.1,1.7,28.4,24.2,0.1,2,16.3,1.82,20.4,16.4,0.1,2,NA,"PASS"
126,226,"Wol",50,3,"5","1380000",0.185495751,"1.065E-2","5.74","Wol",50,78201.5364,4.89321528558526,-0.731666033964774,7,"74",NA,"Incomplete",NA,NA,NA,NA,NA,NA,NA,NA,NA,NA,NA,NA,NA,NA,NA,NA,NA,NA,NA,NA,NA,NA
160,408,"Wol",50,1,"7","138000000",13.02388117,"0.32213999999999998","2.4700000000000002","Wol",50,7820153.64,6.89321528558526,1.11474042505674,7,"75",NA,"Incomplete",NA,NA,NA,NA,"160_data/raw/2309011_MA_Wolbachia_Density_Batch7_8_b1p30T.csv",0.487279915,"0.04735","9.72",28,1.67,32.6,27.9,0.2,1,23.2,1.74,27.6,23.1,0.1,1,NA,"PASS"
160,408,"Wol",50,1,"7","138000000",13.02388117,"0.32213999999999998","2.4700000000000002","Wol",50,7820153.64,6.89321528558526,1.11474042505674,7,"75",NA,"Incomplete",NA,NA,NA,NA,"160_data/raw/2309011_MA_Wolbachia_Density_Batch7_8_b1p30T.csv",0.487279915,"0.04735","9.72",27.7,1.73,32.3,27.9,0.2,2,23,1.76,27.4,23.1,0.1,2,NA,"PASS"
147,288,"Wol",50,3,"6.4","34660000",23.73327925,"2.93519","12.37","Wol",50,1964105.255,6.29316475760615,1.37535774924922,7,"76",NA,"Incomplete",NA,NA,NA,NA,NA,NA,NA,NA,NA,NA,NA,NA,NA,NA,NA,NA,NA,NA,NA,NA,NA,NA
18,10,"Wol",50,3,"NA","NA",NA,"NA","NA","Wol",50,NA,NA,NA,7,"78","NON-DETECT","Incomplete",NA,NA,NA,NA,"18_data/raw/2309011_MA_Wolbachia_Density_Batch7_8_b1p30T.csv",3.5879121342,"0.14335","4",23.5,1.68,28.3,23.5,0.1,1,16.5,1.67,21.1,16.5,0.1,1,NA,"PASS"
18,10,"Wol",50,3,"NA","NA",NA,"NA","NA","Wol",50,NA,NA,NA,7,"78","NON-DETECT","Incomplete",NA,NA,NA,NA,"18_data/raw/2309011_MA_Wolbachia_Density_Batch7_8_b1p30T.csv",3.5879121342,"0.14335","4",23.4,1.69,28.1,23.5,0.1,2,16.4,1.71,20.6,16.5,0.1,2,NA,"PASS"
53,82,"Wol",50,2,"NA","NA",0.005595269,"6.4999999999999997E-4","11.64","Wol",50,NA,NA,-2.2521790293488,7,"79","TCID NON-DETECT","Incomplete",NA,NA,NA,NA,"53_data/raw/2309011_MA_Wolbachia_Density_Batch7_8_b1p30T.csv",1.8946302225,"0.1844","9.73",24.9,1.63,29.6,25,0.1,1,18.5,1.78,22.9,18.7,0.2,1,NA,"PASS"
53,82,"Wol",50,2,"NA","NA",0.005595269,"6.4999999999999997E-4","11.64","Wol",50,NA,NA,-2.2521790293488,7,"79","TCID NON-DETECT","Incomplete",NA,NA,NA,NA,"53_data/raw/2309011_MA_Wolbachia_Density_Batch7_8_b1p30T.csv",1.8946302225,"0.1844","9.73",25,1.71,29.6,25,0.1,2,18.8,1.83,23.3,18.7,0.2,2,NA,"PASS"
30,34,"Wol",50,3,"NA","NA",NA,"NA","NA","Wol",50,NA,NA,NA,7,"80","NON-DETECT","Incomplete",NA,NA,"#.1","New Fly for this sample","30_data/raw/2309018_MA_Wolbachia_Density_Batch_repeat_1_b1p31T.csv",2.8665892891,"0.11453","4",23.2,1.63,27.9,23.3,0.1,1,16.7,1.77,20.8,16.7,0.1,1,NA,"PASS"
30,34,"Wol",50,3,"NA","NA",NA,"NA","NA","Wol",50,NA,NA,NA,7,"80","NON-DETECT","Incomplete",NA,NA,"#.1","New Fly for this sample","30_data/raw/2309018_MA_Wolbachia_Density_Batch_repeat_1_b1p31T.csv",2.8665892891,"0.11453","4",23.3,1.7,27.6,23.3,0.1,2,16.6,1.73,20.8,16.7,0.1,2,NA,"PASS"
28,34,"Wol",50,1,"NA","NA",NA,"NA","NA","Wol",50,NA,NA,NA,7,"81","NON-DETECT","Incomplete","New fly",NA,NA,NA,"28_data/raw/2309011_MA_Wolbachia_Density_Batch7_8_b1p30T.csv",2.0869084532,"0.25014","11.99",23.6,1.68,28.6,23.8,0.2,1,17.7,1.75,21.8,17.6,0.2,1,NA,"PASS"
28,34,"Wol",50,1,"NA","NA",NA,"NA","NA","Wol",50,NA,NA,NA,7,"81","NON-DETECT","Incomplete","New fly",NA,NA,NA,"28_data/raw/2309011_MA_Wolbachia_Density_Batch7_8_b1p30T.csv",2.0869084532,"0.25014","11.99",23.9,1.77,28.6,23.8,0.2,2,17.4,1.66,21.9,17.6,0.2,2,NA,"PASS"
24,24,"Wol",50,3,"NA","NA",NA,"NA","NA","Wol",50,NA,NA,NA,8,"82","NON-DETECT","Incomplete","New fly",NA,NA,NA,"24_data/raw/2309011_MA_Wolbachia_Density_Batch7_8_b1p30T.csv",5.1629360978,"0.324","6.28",22.6,1.69,27.3,22.6,0,1,15.3,1.77,19.6,15.2,0.1,1,NA,"PASS"
24,24,"Wol",50,3,"NA","NA",NA,"NA","NA","Wol",50,NA,NA,NA,8,"82","NON-DETECT","Incomplete","New fly",NA,NA,NA,"24_data/raw/2309011_MA_Wolbachia_Density_Batch7_8_b1p30T.csv",5.1629360978,"0.324","6.28",22.6,1.63,27.1,22.6,0,2,15.1,1.68,19.6,15.2,0.1,2,NA,"PASS"
23,24,"Wol",50,2,"NA","NA",NA,"NA","NA","Wol",50,NA,NA,NA,8,"83","NON-DETECT","Incomplete","New fly",NA,NA,NA,"23_data/raw/2309011_MA_Wolbachia_Density_Batch7_8_b1p30T.csv",2.3422945558,"0.13721","5.86",21.8,1.66,26.3,21.7,0.1,1,15.8,1.73,20.1,15.8,0.1,1,NA,"PASS"
23,24,"Wol",50,2,"NA","NA",NA,"NA","NA","Wol",50,NA,NA,NA,8,"83","NON-DETECT","Incomplete","New fly",NA,NA,NA,"23_data/raw/2309011_MA_Wolbachia_Density_Batch7_8_b1p30T.csv",2.3422945558,"0.13721","5.86",21.6,1.72,26.3,21.7,0.1,2,15.7,1.8,20.1,15.8,0.1,2,NA,"PASS"
47,72,"Wol",50,2,"NA","NA",NA,"NA","NA","Wol",50,NA,NA,NA,8,"84","NON-DETECT","Incomplete","New fly",NA,NA,NA,"47_data/raw/2309011_MA_Wolbachia_Density_Batch7_8_b1p30T.csv",4.356985867,"0.35102","8.06",24.2,1.65,28.8,24.4,0.2,1,16.8,1.76,21.1,16.9,0.1,1,NA,"PASS"
47,72,"Wol",50,2,"NA","NA",NA,"NA","NA","Wol",50,NA,NA,NA,8,"84","NON-DETECT","Incomplete","New fly",NA,NA,NA,"47_data/raw/2309011_MA_Wolbachia_Density_Batch7_8_b1p30T.csv",4.356985867,"0.35102","8.06",24.5,1.61,29.1,24.4,0.2,2,16.9,1.71,21.1,16.9,0.1,2,NA,"PASS"
70,120,"Wol",50,1,"NA","NA",0.000946678,"1.1E-4","11.9","Wol",50,NA,NA,-3.02379771540361,8,"85","TCID NON-DETECT","Incomplete","New fly",NA,NA,NA,NA,NA,NA,NA,NA,NA,NA,NA,NA,NA,NA,NA,NA,NA,NA,NA,NA,NA
101,178,"Wol",50,2,"NA","NA",21.93149597,"1.9906699999999999","9.08","Wol",50,NA,NA,1.34106825636323,8,"86","CHECKED","Incomplete",NA,NA,NA,NA,NA,NA,NA,NA,NA,NA,NA,NA,NA,NA,NA,NA,NA,NA,NA,NA,NA,NA
131,240,"Wol",50,2,"NA","NA",0.004015236,"7.2999999999999996E-4","18.149999999999999","Wol",50,NA,NA,-2.39628892348976,8,"87","TCID NON-DETECT","Incomplete",NA,NA,NA,NA,NA,NA,NA,NA,NA,NA,NA,NA,NA,NA,NA,NA,NA,NA,NA,NA,NA,NA
156,360,"Wol",50,3,"NA","NA",NA,"NA","NA","Wol",50,NA,NA,NA,8,"88","NON-DETECT","Incomplete","New fly",NA,NA,NA,"156_data/raw/2309011_MA_Wolbachia_Density_Batch7_8_b1p30T.csv",2.9769299846,"0.23788","7.99",25.9,1.72,30.4,25.8,0.1,1,18.5,1.75,22.8,18.6,0.1,1,NA,"PASS"
156,360,"Wol",50,3,"NA","NA",NA,"NA","NA","Wol",50,NA,NA,NA,8,"88","NON-DETECT","Incomplete","New fly",NA,NA,NA,"156_data/raw/2309011_MA_Wolbachia_Density_Batch7_8_b1p30T.csv",2.9769299846,"0.23788","7.99",25.7,1.76,30.1,25.8,0.1,2,18.7,1.71,23.3,18.6,0.1,2,NA,"PASS"
159,384,"Wol",50,3,"NA","NA",NA,"NA","NA","Wol",50,NA,NA,NA,8,"89","NON-DETECT","Incomplete","New fly",NA,NA,NA,"159_data/raw/2309011_MA_Wolbachia_Density_Batch7_8_b1p30T.csv",2.4053611645,"0.07547","3.14",21.5,1.55,26.1,21.5,0,1,15.5,1.75,19.9,15.6,0.1,1,NA,"PASS"
159,384,"Wol",50,3,"NA","NA",NA,"NA","NA","Wol",50,NA,NA,NA,8,"89","NON-DETECT","Incomplete","New fly",NA,NA,NA,"159_data/raw/2309011_MA_Wolbachia_Density_Batch7_8_b1p30T.csv",2.4053611645,"0.07547","3.14",21.5,1.63,26.1,21.5,0,2,15.6,1.76,20.1,15.6,0.1,2,NA,"PASS"
